Name,"Screen name","Twitter ID",Location,Biography,"Created date",Followers,Following,Tweets,Favorites,Website,"Time zone",Geo-enabled,Verified,Language,Protected,"Profile image URL"
"Lori Chetgill",LChetgill,"ID 1610391300968251394",," ","Tue Jan 03 21:43:12 +0000 2023",50,143,1306,2444,,,Disabled,"Not verified",,"Not protected",https://pbs.twimg.com/profile_images/1620214969357803523/EBtTc6G2_normal.jpg
Traveler,NeverSayDie1978,"ID 1608273003560964098",," Gen X Southern Nationalist.
RAC music enjoyer.","Thu Dec 29 01:27:12 +0000 2022",141,198,491,2327,,,Disabled,"Not verified",,"Not protected",https://pbs.twimg.com/profile_images/1612271361577172992/siuUVDr0_normal.jpg
"Metal Blade Records",MetalBlade,"ID 16460916","Los Angeles, CA"," Home to the greatest & most influential artists in heavy music since 1982! Facebook, Youtube & Instagram (at)metalbladerecords / https://t.co/RcnuAof4nN","Fri Sep 26 00:40:51 +0000 2008",351373,3350,55637,20837,http://www.metalblade.com,,Enabled,Verified,,"Not protected",https://pbs.twimg.com/profile_images/999060038848135168/1sxf9UrB_normal.jpg
Jamie,Jamie83107302,"ID 520016930","New England"," If you haven't been called Anti-Semitic, You're not doing enough for Palestine... #IsraelDid911","Sat Mar 10 02:26:30 +0000 2012",1871,1437,41918,52169,,,Enabled,"Not verified",,"Not protected",https://pbs.twimg.com/profile_images/1608993959883177984/VfA8pmya_normal.jpg
Holocaust_Survivors_Speaks,uspakoise,"ID 1607094388202606592",Teheran," Exposing the evil nazi crimes","Sun Dec 25 19:22:24 +0000 2022",554,341,389,61,,,Disabled,"Not verified",,"Not protected",https://pbs.twimg.com/profile_images/1607145942003613697/oycKd7sC_normal.jpg
"🧃 Charles Lindbergh Fan 🧃",coltraine14n88,"ID 897675682645463040",," America First","Wed Aug 16 04:25:35 +0000 2017",950,503,1584,29643,,,Disabled,"Not verified",,"Not protected",https://pbs.twimg.com/profile_images/1611891585964298241/zwxic1xV_normal.jpg
"Leuchter report (Go read me)",Metalifan72,"ID 1518749305548554242","The territories"," Peace will sell but unfortunately no one is buying! Ban the inhumane practice of circumcision! It is genital mutilation! Stop harming your sons!","Tue Apr 26 00:30:57 +0000 2022",211,611,3592,4700,,,Disabled,"Not verified",,"Not protected",https://pbs.twimg.com/profile_images/1611327596406648833/u6ozfgb2_normal.jpg
"Way of the World",wayotworld,"ID 856162158845059073",," Friend of Westernkind. Globalism is satanic. https://t.co/BoKOIIWBQx https://t.co/bG7nq0J8Zc https://t.co/c8JwmFnEYE…","Sun Apr 23 15:05:40 +0000 2017",37945,0,15869,21067,,,Disabled,"Not verified",,"Not protected",https://pbs.twimg.com/profile_images/1076869904823996417/zVx8qUD8_normal.jpg
"Nuclear Blast Records",nuclearblast,"ID 31269003","Los Angeles, Donzdorf, London"," The World's Biggest Independent Heavy Metal Record Label. Blasting your ears since 1987! Free newsletter: https://t.co/Wa6VkVT1P6","Tue Apr 14 23:46:58 +0000 2009",230271,667,22069,5307,https://label.nuclearblast.com/store,,Enabled,Verified,,"Not protected",https://pbs.twimg.com/profile_images/1537017629742866432/SVieHTBA_normal.jpg
amalek,amalek_rising,"ID 1596592430442315783",https://t.me/Amalek1488," Twitter had me delete 7+7 and two 8's sitting next to eachother. LOL

I'm slowly uploading my archives to my telegram channel 

ITS OKAY TO BE WHITE","Sat Nov 26 19:51:40 +0000 2022",509,22,776,464,,,Disabled,"Not verified",,"Not protected",https://pbs.twimg.com/profile_images/1596601184994791424/8IceUQf__normal.jpg
"Pedro L. Gonzalez",emeriticus,"ID 859409582426251269",," humble magazine salesman @chroniclesmag, subscribe to support my work ➡️ https://t.co/lcJ1WxkjrA","Tue May 02 14:09:46 +0000 2017",136422,951,35986,40064,https://contra.substack.com/,,Enabled,"Not verified",,"Not protected",https://pbs.twimg.com/profile_images/1582704556840030209/JnTH9dfg_normal.jpg
Lula,LulaOficial,"ID 2670726740","São Bernardo do Campo"," Filho da Dona Lindu, marido da @JanjaLula, presidente da República. Trabalhando para reconstruir o Brasil.","Tue Jul 22 21:36:50 +0000 2014",7222947,2839,29432,15591,https://lula.com.br/siga-o-lula/,,Enabled,Verified,,"Not protected",https://pbs.twimg.com/profile_images/1609717376890671110/Z0LJxPb1_normal.jpg
"The QUAKE PUB",quake_pub,"ID 1446891881347026948",EVERYWHERE," https://t.co/03WMKg1yxV","Sat Oct 09 17:35:00 +0000 2021",269,285,877,1605,https://www.Quake.pub,,Disabled,"Not verified",,"Not protected",https://pbs.twimg.com/profile_images/1597175645041197056/wSHmDWaN_normal.jpg
"The Duke👑",TareekWife,"ID 1490704944827039746",," I am the duke of New York, thats A, number 1! I've noticed too much.","Mon Feb 07 15:12:20 +0000 2022",261,393,3962,6750,,,Disabled,"Not verified",,"Not protected",https://pbs.twimg.com/profile_images/1595731660045099008/gEjWApD-_normal.jpg
"Michael Tracey",mtracey,"ID 24127811",NYC," Roving journalist, friend to all dogs mtracey@protonmail.com","Fri Mar 13 04:31:49 +0000 2009",298951,1403,123294,7113,https://mtracey.substack.com/,,Disabled,Verified,,"Not protected",https://pbs.twimg.com/profile_images/798153733255401473/A7cfxZ4g_normal.jpg
"Syrian Girl 🇸🇾🎗",Partisangirl,"ID 312696314",Australia," Journalist | Scientist | Contributor, Telegram: https://t.co/5qBGUGkIwD syriangirlpartisan@gmail.com","Tue Jun 07 14:40:11 +0000 2011",224349,1732,4463,51070,https://www.patreon.com/syriangirl,,Disabled,Verified,,"Not protected",https://pbs.twimg.com/profile_images/1388088742112419843/NHMfZDvO_normal.jpg
"Sam Parker 🇺🇲",SamParkerSenate,"ID 965451112395415552","From The Future-Come To Save U"," Ran for US Senate-UT. America 1st. MAGLA-Make American Government Local Again. Repeal 16th/17th/19th/26th, Reapportionment Act of 1929 & Immigration Act of 1965","Mon Feb 19 05:00:57 +0000 2018",18641,1060,58768,82497,https://lnk.bio/SamParkerSenate,,Disabled,"Not verified",,"Not protected",https://pbs.twimg.com/profile_images/1363243780980183044/9kMTAeVl_normal.jpg
"Aubrey Huff",aubrey_huff,"ID 2410068528","Scottsdale, AZ"," Proud father, & 2 time WS Champ. I believe in God, free speech, America, guns, & toxic masculinity.","Tue Mar 25 04:32:56 +0000 2014",229034,628,13236,75135,,,Enabled,Verified,,"Not protected",https://pbs.twimg.com/profile_images/1603850212044201987/XLLXktFy_normal.jpg
"Vincent James",_VincentJamesAF,"ID 1605822643458174976",," Treasurer of America First Foundation, Founder of Daily Veracity, Cozy Streamer","Thu Dec 22 07:09:15 +0000 2022",4764,272,298,547,,,Disabled,"Not verified",,"Not protected",https://pbs.twimg.com/profile_images/1605850617091850240/C9N6qwaW_normal.jpg
"President Blumph",PresidentBlumph,"ID 1294461531887894529","New York "," ","Sat Aug 15 02:31:26 +0000 2020",4479,1120,24644,94977,,,Disabled,"Not verified",,"Not protected",https://pbs.twimg.com/profile_images/1590220739650666497/U5XSvLS-_normal.jpg
"Tonу Hrvatskа, MD PhD BMI 24.7 IQ 147",NOTtonyhrvatska,"ID 1587278902912753664",Tottoland," local warlord","Tue Nov 01 03:02:54 +0000 2022",83,258,1727,3669,http://t.me/tonybalogna,,Disabled,"Not verified",,"Not protected",https://pbs.twimg.com/profile_images/1587282443408756737/1om1EZ9w_normal.jpg
Chino🇭🇷Moreno🇲🇽Fan,Rockstar1987121,"ID 1599430229289754624",," Chino Moreno Fan Account","Sun Dec 04 15:47:47 +0000 2022",63,124,1630,2143,,,Disabled,"Not verified",,"Not protected",https://pbs.twimg.com/profile_images/1599430753103872017/Q1-MkAdy_normal.jpg
"Libs of TikTok",libsoftiktok,"ID 1326229737551912960","Depths of Hell"," All videos belong to their respective owners. 📧 submissions@libsoftiktok.com. DM submissions. Bookings: libsoftiktokbookings@gmail.com","Tue Nov 10 18:26:33 +0000 2020",1882987,723,9458,23506,https://allmylinks.com/libsoftiktok,,Enabled,"Not verified",,"Not protected",https://pbs.twimg.com/profile_images/1489097242321428482/sQSUN_M6_normal.jpg
"Andrew Anglin",WorldWarWang,"ID 1506831756","Lagos, Nigeria"," #YE24

#Jesus

I endorse everything.","Tue Jun 11 21:13:54 +0000 2013",16567,534,3146,2810,http://bible.com,,Disabled,"Not verified",,"Not protected",https://pbs.twimg.com/profile_images/1604043212821127169/3WchInmg_normal.jpg
"Tweets By Feds",SuspectRWFed,"ID 1482224907702632449",," DMs open for submissions.

Discord: https://t.co/zTLbiqYont","Sat Jan 15 05:35:58 +0000 2022",93308,18,308,550,,,Disabled,"Not verified",,"Not protected",https://pbs.twimg.com/profile_images/1523640865151135744/jYra1vdI_normal.jpg
"""Valid"" people taking L's",ValidLs,"ID 1399539642639265795",‎," Posting L's from the ""valid"" and ""brave & proud"" community | dm me submissions | https://t.co/ZcWbCnG0kl | Admins: ♂️ & ♀️","Tue Jun 01 01:34:01 +0000 2021",37952,28,870,802,,,Disabled,"Not verified",,"Not protected",https://pbs.twimg.com/profile_images/1610460398993477632/L_C5Tx-n_normal.png
"N.O.T.A Lemming",Lemming4Nota,"ID 1591554983715020800",," Retired f**kwit Whisperer. As there’s O interest in controlled opposition exposes or serious vids / articles on here, I’ll stick to fluff content overall. ☹️","Sat Nov 12 22:15:05 +0000 2022",376,350,5632,6598,,,Disabled,"Not verified",,"Not protected",https://pbs.twimg.com/profile_images/1591571861082718209/yTojk9IQ_normal.jpg
J,Willtopower83,"ID 2258456684",," ","Mon Dec 23 04:31:42 +0000 2013",1478,471,1208,977,,,Disabled,"Not verified",,"Not protected",https://pbs.twimg.com/profile_images/1589074520014749696/79t80KG6_normal.jpg
MurdochMurdoch,MurdochMurdoch8,"ID 1429580873930842112",," American Nationalist.","Sun Aug 22 23:07:03 +0000 2021",4670,309,1783,5881,,,Disabled,"Not verified",,Protected,https://pbs.twimg.com/profile_images/1429583996766273539/t8AHqCd9_normal.jpg
"Patrick Basedman🌲☀️🌲",patrickbasedmn,"ID 920317981",," Videotape returner. Neanderthal supremacist. Faction of Truth.","Fri Nov 02 03:37:44 +0000 2012",22361,1419,10856,107021,,,Disabled,"Not verified",,"Not protected",https://pbs.twimg.com/profile_images/1610630869785645056/vVyI6Qsb_normal.jpg
"Aryan Schizo",Schizophrenesia,"ID 743463636346122241","California, USA"," Find the truth, don’t let your ancestors down","Thu Jun 16 15:21:58 +0000 2016",3069,684,1427,8267,,,Enabled,"Not verified",,"Not protected",https://pbs.twimg.com/profile_images/1603195640325939200/DCl14C7Z_normal.jpg
navithebug,notjdavisghost,"ID 1499141897314521095","wouldn't you like to know."," Real G's move in silence like lasagna.","Wed Mar 02 21:58:04 +0000 2022",13,10,264,188,http://www.fucku.com,,Disabled,"Not verified",,"Not protected",https://pbs.twimg.com/profile_images/1603877234237915140/DyqtjvRZ_normal.jpg
⛔📚samisdat.in🇮🇳,samisdatin,"ID 1430990839111684106",," Library project curator of controversial public-domain books & other content. Anti-usury, moral absolutist, natural law, noticer of patterns. Cretins: ⛔🚫","Thu Aug 26 20:32:48 +0000 2021",1731,247,3991,1318,http://samisdat.in/random,,Disabled,"Not verified",,"Not protected",https://pbs.twimg.com/profile_images/1499388148119388166/klhya9i7_normal.jpg
FischerKing,FischerKing64,"ID 1016908862136332288",," Shall I at least set my lands in order...","Wed Jul 11 04:55:40 +0000 2018",73114,318,19684,67228,,,Disabled,"Not verified",,"Not protected",https://pbs.twimg.com/profile_images/1527783259727204352/tvtSB3Fw_normal.jpg
"The Unz Review",UnzReview,"ID 1931893196",," SubscribeStar: https://t.co/X0nmyXNdKZ","Thu Oct 03 19:53:53 +0000 2013",10699,67,12266,424,https://www.unz.com,,Disabled,"Not verified",,"Not protected",https://pbs.twimg.com/profile_images/561241446435401728/ZO1xc7De_normal.png
"Kevin MacDonald",TOOEdit,"ID 87229781","Laguna Hills, CA"," Prof Emer of Psych; ed TOO & TOQ
Individualism & Western Liberal Tradition; Amazon
Culture of Critique & Separation & Its Discontents: https://t.co/lAQg90frwo","Tue Nov 03 16:46:25 +0000 2009",41311,557,35761,24079,,,Enabled,"Not verified",,"Not protected",https://pbs.twimg.com/profile_images/1254132345482825730/Z6OE_qo8_normal.jpg
"Bennett's Phylactery",extradeadjcb,"ID 1025410166483832833","several canopic jars"," The unnaturally preserved head of Doctor John Cook Bennett. https://t.co/nnkUkMDYo9","Fri Aug 03 15:56:49 +0000 2018",40067,1342,19806,162796,https://www.exitgroup.us,,Disabled,"Not verified",,"Not protected",https://pbs.twimg.com/profile_images/1390538441297993732/aYdvzwdk_normal.jpg
"Above Time Coffee Roasters LLC",AboveTimeCoffee,"ID 1523658772287262727","Indiana, USA"," Wake Up With Above Time Coffee 
Indiana, USA
https://t.co/Rrb82Dogpz
Abovetimecoffeeroasters@protonmail.com","Mon May 09 13:40:52 +0000 2022",1141,297,246,516,http://www.abovetimecoffee.com,,Disabled,"Not verified",,"Not protected",https://pbs.twimg.com/profile_images/1523659454318850049/D1JNRi99_normal.jpg
"White Lives Matter California",WLMCalifornia,"ID 1509342101330300931","California "," A world-wide, legal, peaceful and anonymous initiative that furthers the interests of White people through real-life action. Get involved.","Thu Mar 31 01:29:47 +0000 2022",4725,76,554,29548,https://t.me/WLM_USA_CALIFORNIA,,Disabled,"Not verified",,"Not protected",https://pbs.twimg.com/profile_images/1509343505780404224/ClcHv75c_normal.jpg
"Philip Giraldi",philipgiraldi,"ID 762903092983541761","Virginia, USA"," Former CIA Operations officer in Europe and Middle East, veteran, and PhD in European History","Tue Aug 09 06:47:26 +0000 2016",9947,344,8911,7432,http://www.councilforthenationalinterest.org,,Disabled,"Not verified",,"Not protected",https://pbs.twimg.com/profile_images/1095271533742882816/0hxL2P5B_normal.jpg
"Maurice Pinay",MauricePinay,"ID 374176409",," ","Thu Sep 15 20:58:27 +0000 2011",2706,24,47780,6240,http://mauricepinayblog.wordpress.com,,Disabled,"Not verified",,"Not protected",https://pbs.twimg.com/profile_images/864329182418948096/RLGUbzL2_normal.jpg
"Pattern Recognition Aficionado",13_yet_51,"ID 1554326841007214593",," Patterns don’t lie….  Problem | Reaction | Solution","Tue Aug 02 04:43:15 +0000 2022",175,63,1650,2333,,,Disabled,"Not verified",,"Not protected",https://pbs.twimg.com/profile_images/1598787548083589122/ELS9ikHH_normal.jpg
NoticerOfGreenblatt,GreenblattOf,"ID 1594915463837978625","NYC Metro Area waking people"," Never reply to the Jewish Onslaught when you tweet FACTS.  911missinglinks Dot Com.  
GOYIMTV Dot Com 'Handsome Truth' who is also on Gab Dot Com. Kanye 🚫🇮🇱","Tue Nov 22 04:47:53 +0000 2022",65,221,583,502,http://Www.Voxnews.com,,Disabled,"Not verified",,"Not protected",https://pbs.twimg.com/profile_images/1594915755010793482/I_aCYixC_normal.jpg
"Anti White Watch ☀️",AntiWhiteWatch1,"ID 1261270683285204994",WorldWide," #AWW: documenting and compiling data on violence, hate, discrimination and bigotry directed at #ethnicEuropeans 
https://t.co/TUwsJ7JvHt","Fri May 15 12:22:30 +0000 2020",38145,404,8602,19528,https://antiwhitewatch.org,,Disabled,"Not verified",,"Not protected",https://pbs.twimg.com/profile_images/1261270970041417728/VyHm_0G5_normal.jpg
"Jesse Lee Peterson",JLPtalk,"ID 43906698","Los Angeles, CA"," Pastor, counselor, founder of BOND | Host of The @FallenStateTV and JLP Show | Author, activist... not ""African-American,"" but 100% AMERICAN! 🇺🇸 🙏 AMAZIN'","Mon Jun 01 15:46:06 +0000 2009",101957,2689,28970,16558,https://jesseleepeterson.com/show,,Enabled,Verified,,"Not protected",https://pbs.twimg.com/profile_images/1268593655213768704/OhcTiKcE_normal.jpg
"The Babylon Bee",TheBabylonBee,"ID 4914384040",," Fake news you can trust. Follow our podcast account @babylonbeepod 🎧 JOIN US at #BeeLIVE Feb. 24.","Mon Feb 15 16:05:21 +0000 2016",2153504,74,19664,1293,http://linktr.ee/babylonbee,,Disabled,Verified,,"Not protected",https://pbs.twimg.com/profile_images/1400100770624720898/-HC7kL5x_normal.jpg
"Shoe Pile Organizer v2",AlexMcNig,"ID 1593724425228222464",," NJP","Fri Nov 18 21:55:00 +0000 2022",25,155,100,473,,,Disabled,"Not verified",,"Not protected",https://pbs.twimg.com/profile_images/1593725854659612676/6Oll_Tdu_normal.jpg
An0maly,LegendaryEnergy,"ID 226194552","United States"," God is great.

Watch on https://t.co/a5Fc3hGBOL or https://t.co/RTPHb5QgkJ or Find All My Socials At https://t.co/DnN9JxPKfQ","Mon Dec 13 15:25:24 +0000 2010",248332,916,94230,148665,http://DreamRare.com,,Enabled,"Not verified",,"Not protected",https://pbs.twimg.com/profile_images/1579981455173640192/1KHPXbsK_normal.jpg
"Matt Walsh",MattWalshBlog,"ID 1500129642",," Theocratic fascist, bestselling children’s author, Transphobe Of The Year (2022)","Tue Jun 11 03:17:16 +0000 2013",1365150,615,59014,33,http://www.whatisawoman.com,,Disabled,Verified,,"Not protected",https://pbs.twimg.com/profile_images/1536824114253529089/Cz7JCkgi_normal.jpg
"Rusty Shackleford",T0938035,"ID 1031275410426933248","Des Moines, IA"," ","Sun Aug 19 20:23:12 +0000 2018",14,44,78,470,,,Disabled,"Not verified",,"Not protected",https://abs.twimg.com/sticky/default_profile_images/default_profile_normal.png
CL0WNW0RLD,C10wnw0r1d,"ID 1519370815455711232","ministry of truth"," I am a Trans, Gay, Black Jewish Rabbi Climatologist, with 6 vaccines so far...

Anything you say is against at least 2 of these things.... you Bigot.","Wed Apr 27 17:40:15 +0000 2022",169,89,6450,14736,,,Disabled,"Not verified",,"Not protected",https://pbs.twimg.com/profile_images/1611813035760549888/VUapN5j7_normal.jpg
"Jonathan Lampshade",JonathanLamps,"ID 1588955848990130177","Bedside table"," (((proud))) lampshade","Sat Nov 05 18:06:23 +0000 2022",195,380,527,4441,http://goyimtv.com,,Disabled,"Not verified",,"Not protected",https://pbs.twimg.com/profile_images/1588955985254785024/fUfuXIyK_normal.jpg
"Animal Mother - Vietcong Enjoyer",vietcongenjoyer,"ID 1164013610303016961",," NJP supporter 🔴⚪️⚫️ Former Infantry retard. 30 year old boomer vet I JUST WANT TO KILLLLL FOR GODS SAKE","Wed Aug 21 03:17:33 +0000 2019",196,206,375,4155,,,Disabled,"Not verified",,"Not protected",https://pbs.twimg.com/profile_images/1595124192944365568/5K5RN2e9_normal.jpg
"People Whining About Stonetoss",Stone_tossers,"ID 1387489102799376388",," DMs open for submissions. Don't harass people featured on this account, their lives are miserable enough as it is.","Wed Apr 28 19:29:31 +0000 2021",66944,1,9595,11459,http://stonetoss.com/about/,,Disabled,"Not verified",,"Not protected",https://pbs.twimg.com/profile_images/1420260995923021827/b--gg9vA_normal.jpg
"Gays Posting their L's Online",GBT_Posting,"ID 753195112176480256",," Amplifying LGBTQ content creators. DM’s open for submissions","Wed Jul 13 11:51:23 +0000 2016",74310,11,401,138,,,Disabled,"Not verified",,"Not protected",https://pbs.twimg.com/profile_images/1510120742909796352/clug_Kb6_normal.jpg
RAMZPAUL,ramzpaul,"ID 53979469","Arkansas, USA"," A proud hillbilly. 
YouTube channel: https://t.co/f0ZX2xXOPr 
Rumble: https://t.co/aVLC1hv48m
Support me at: https://t.co/KWorW8Y8Cp","Sun Jul 05 19:12:52 +0000 2009",111901,296,80029,40468,http://www.ramzpaul.com,,Enabled,Verified,,"Not protected",https://pbs.twimg.com/profile_images/1591074150696865792/4tQhJQFu_normal.jpg
MrEverySingleTime,Mrestman7,"ID 1578151613893693440",," What kind of books did they burn, exactly?","Thu Oct 06 22:34:30 +0000 2022",1490,254,524,2922,,,Disabled,"Not verified",,"Not protected",https://pbs.twimg.com/profile_images/1609297678604636160/oOieTzl4_normal.jpg
TheNoticer,TheNoticer12,"ID 1590816626185740301",," Rev 3:9","Thu Nov 10 21:20:27 +0000 2022",145,12,34,58,,,Disabled,"Not verified",,"Not protected",https://pbs.twimg.com/profile_images/1592620683875475456/zdi5cLRk_normal.jpg
"W.L. Pierce",WLPWisdom,"ID 1593023755844046848","Mill Point, West Virginia"," ","Wed Nov 16 23:31:01 +0000 2022",139,145,1786,412,,,Disabled,"Not verified",,"Not protected",https://pbs.twimg.com/profile_images/1595396419875229697/Ph16-gIw_normal.jpg
"Catturd ™",catturd2,"ID 1043185714437992449",," Chief Turd","Fri Sep 21 17:10:30 +0000 2018",1409556,9142,89389,151752,,,Disabled,"Not verified",,"Not protected",https://pbs.twimg.com/profile_images/1043187066832650240/6iaOQ7xL_normal.jpg
"Against Jewish Supremacy",StarlightAJS,"ID 1591505756888645632",," Doing my best to expose the #JewishSupremacy and the #JewishPrivilege.","Sat Nov 12 18:58:52 +0000 2022",402,38,125,115,,,Disabled,"Not verified",,"Not protected",https://pbs.twimg.com/profile_images/1594342813897990144/yPKM3pjU_normal.jpg
"The Noticing",blah59254847,"ID 1589561596283600896",uk," this 👉 ✡️ controls this 👉 🌎 🏦 💰 🗞. there isn't much I don't notice 👀","Mon Nov 07 10:13:19 +0000 2022",37,47,511,2,,,Disabled,"Not verified",,"Not protected",https://pbs.twimg.com/profile_images/1590822824637243392/1O-vROJw_normal.jpg
"Blank Majors",BlankMajors,"ID 1208523603701989376",," ","Sat Dec 21 23:04:36 +0000 2019",118,255,2331,8021,,,Disabled,"Not verified",,"Not protected",https://pbs.twimg.com/profile_images/1408781253755564032/jDrqu-93_normal.jpg
"Jake Shields",jakeshieldsajj,"ID 80233893",," former UFC/MMA fighter 5 time world champion","Tue Oct 06 06:24:26 +0000 2009",306218,1122,48169,34310,,,Disabled,Verified,,"Not protected",https://pbs.twimg.com/profile_images/1486627615116959745/Sen8DgAC_normal.jpg
"Jack Hole",Based_Jack_Hole,"ID 1546378950506594304",," ","Mon Jul 11 06:20:59 +0000 2022",34,46,502,127,,,Disabled,"Not verified",,"Not protected",https://pbs.twimg.com/profile_images/1548477172838412288/ScBwFAnW_normal.jpg
Henry,HenryFjord110,"ID 1592494595518173188",," ","Tue Nov 15 12:28:24 +0000 2022",18,10,69,9,,,Disabled,"Not verified",,"Not protected",https://pbs.twimg.com/profile_images/1592494925622480897/XDagKcwU_normal.jpg
Goon,WyattPittman20,"ID 1589381549937639424",Texas," WLM. Leftism is a diseased religion and it's adherents deserve scorn, I'm a spiteful bastard hoping to be hated by all the right people. 
Pronouns: Threat/Enemy","Sun Nov 06 22:18:09 +0000 2022",191,216,418,334,,,Disabled,"Not verified",,"Not protected",https://pbs.twimg.com/profile_images/1589382559485628416/24Ooq2Xi_normal.jpg
"Momma Dukes",TheRacistMaiden,"ID 1591520040825806850",," ","Sat Nov 12 19:56:32 +0000 2022",18,25,33,20,,,Disabled,"Not verified",,"Not protected",https://pbs.twimg.com/profile_images/1591520341620301827/qw4q27gz_normal.jpg
"Benny Blattberg",BennyBlattberg,"ID 1589539650997215234","New York"," Proud jew. Hunting down and exposing antisemitism. Parody account. 🇮🇱 🇺🇦 🇺🇸
Darles Chickens","Mon Nov 07 08:46:13 +0000 2022",501,477,5868,11995,,,Disabled,"Not verified",,"Not protected",https://pbs.twimg.com/profile_images/1594463178397831168/_JlSG4GD_normal.jpg
Tony🇺🇲,MontagnaTony,"ID 2321127874",," Politics and religion.

Fun at parties.","Mon Feb 03 03:08:04 +0000 2014",10640,10692,108796,75678,,,Disabled,"Not verified",,"Not protected",https://pbs.twimg.com/profile_images/1353924297501372418/yfRk4a5Y_normal.jpg
themoreyounotice,justanoticer,"ID 1589385193999114241",," Just here to notice","Sun Nov 06 22:33:30 +0000 2022",91,92,682,1240,,,Disabled,"Not verified",,"Not protected",https://pbs.twimg.com/profile_images/1589408562668789760/_SRL2xmr_normal.jpg
"Reddit Lies",reddit_lies,"ID 3895214232","Tennessee, USA"," Misinformation is the bread and butter of the “free thinking high IQ” denizens of Reddit.
DM submissions.
Discord: https://t.co/mByk3Ha4EE","Wed Oct 14 20:28:20 +0000 2015",178850,146,6739,21727,,,Enabled,"Not verified",,"Not protected",https://pbs.twimg.com/profile_images/1438530746164121602/esKsjv3b_normal.jpg
"Atheists/Neopagans Posting their L's🟡",AtheistsL,"ID 1343023711679631360","138 N Edinburgh Ave. LA, CA"," Dedicated to all kinds of 'too cool for sunday school' types, sometimes. 
DM’s open for submissions.
Friendship ended with Elon, now Bibi is my only friend.✡️","Sun Dec 27 02:39:48 +0000 2020",41266,159,7711,33641,,,Disabled,"Not verified",,"Not protected",https://pbs.twimg.com/profile_images/1598882828543926273/24sK9ssu_normal.jpg
"The Noticer",TheNoticing1,"ID 1590771218126348288",," ","Thu Nov 10 18:20:26 +0000 2022",123,827,3656,5844,,,Disabled,"Not verified",,"Not protected",https://pbs.twimg.com/profile_images/1590909355766988800/yqKmjVb4_normal.jpg
"Stonetoss Comics",stone_toss,"ID 873051724604334080",," - Cartoonist: new comics every Tues/Thurs
- Pro-speech
- Trigger warning: Jokes
- NFTs: @FlurksNFT
- About me & my work: https://t.co/jgmP5JMgOt","Fri Jun 09 05:38:46 +0000 2017",323388,326,2553,810,http://stonetoss.com,,Disabled,"Not verified",,"Not protected",https://pbs.twimg.com/profile_images/1570411531459780610/zRqFwm8V_normal.jpg
"Sonnen Rad",John8Enjoyer,"ID 1589387125975183363",," ","Sun Nov 06 22:40:13 +0000 2022",98,109,421,490,,,Disabled,"Not verified",,"Not protected",https://pbs.twimg.com/profile_images/1589387272863944704/JLYiLRQR_normal.jpg
"Tennis Ball",ImATennisBall,"ID 1591181334541737985","Racquet Club"," I'm a tennis ball.","Fri Nov 11 21:30:00 +0000 2022",357,0,877,850,,,Disabled,"Not verified",,"Not protected",https://pbs.twimg.com/profile_images/1591477661225861121/FcHU7g9N_normal.jpg
iamyesyouareno,iamyesyouareno,"ID 1342174584594960384",," everything you need to know. (DM open for submissions)","Thu Dec 24 18:26:47 +0000 2020",34322,1635,9498,34319,https://instagram.com/iamyesyouareno?igshid=YmMyMTA2M2Y=,,Disabled,"Not verified",,"Not protected",https://pbs.twimg.com/profile_images/1342191297805889537/qVxvrLhq_normal.jpg
"@nti Hero 🧐",BucksBreaking,"ID 1491086586720645122",," Plutoxin 7. Another Government lie. I seem to 'Notice' alot of things.","Tue Feb 08 16:28:50 +0000 2022",1375,431,3210,16117,,,Disabled,"Not verified",,"Not protected",https://pbs.twimg.com/profile_images/1591334084843687937/z93yTNzg_normal.jpg
"Mordecai Zevi",MordecaiZevi,"ID 1590161793862737921",," I never wanted this. I am only reacting to my enemy's relentless efforts to erase me and my family from the planet.","Wed Nov 09 01:58:40 +0000 2022",201,831,904,1042,,,Disabled,"Not verified",,"Not protected",https://pbs.twimg.com/profile_images/1590164461305970689/7L-zWJVe_normal.jpg
"Chuck Sneed 🚜",Chuck_Sneed777,"ID 1528614707938177024","Texas, USA"," Rural white male. Anti-anti-white. Pro-gun. Noticer. ""Sociology"" and ""art"" disrespecter. I like using Soyjaks as a form of argumentation.","Mon May 23 05:52:46 +0000 2022",147,221,4332,8048,,,Disabled,"Not verified",,"Not protected",https://pbs.twimg.com/profile_images/1528615068694458369/uBefS5Cm_normal.jpg
"Kanye West Fan Page",jcb8928,"ID 1586888866291929088",," Ye is right","Mon Oct 31 01:13:59 +0000 2022",141,91,124,256,http://www.kanyewest.com,,Disabled,"Not verified",,"Not protected",https://pbs.twimg.com/profile_images/1586889419688378369/SspnQY1K_normal.jpg
Otto,AutistOttie,"ID 1368467528528191488",Boobas," ","Sun Mar 07 07:46:31 +0000 2021",402,324,24,1159,,,Disabled,"Not verified",,"Not protected",https://pbs.twimg.com/profile_images/1610426125439897601/TIMN4dsZ_normal.jpg
BCM,BlueChickenMan,"ID 1586029736504852480",," I'm not Alex Jones... I don't work for INFOWARS
https://t.co/8UyKUEZZgh","Fri Oct 28 16:18:59 +0000 2022",32,93,60,530,,,Disabled,"Not verified",,"Not protected",https://pbs.twimg.com/profile_images/1586030069549387777/1zTuJ6qL_normal.jpg
"Raid Siren",raid_siren,"ID 1432126661210873858",," Mechanically separated meat product","Sun Aug 29 23:43:34 +0000 2021",122,159,142,4030,,,Disabled,"Not verified",,Protected,https://pbs.twimg.com/profile_images/1496552153116299267/mZrshrVY_normal.jpg
"Walrus Fren",FrenWalrus,"ID 1586929722889588736",," Just an assuming walrus.... normies go away","Mon Oct 31 03:55:12 +0000 2022",75,35,54,63,,,Disabled,"Not verified",,"Not protected",https://pbs.twimg.com/profile_images/1586930009536692228/4e-1wCgX_normal.jpg
Bepper,Bepperony,"ID 1590327110404829184",," I like frens! Artist formerly known as BP!","Wed Nov 09 12:55:21 +0000 2022",580,672,1462,8411,,,Disabled,"Not verified",,"Not protected",https://pbs.twimg.com/profile_images/1617609244408451072/q1GkrC8L_normal.jpg
"Elon Musk",elonmusk,"ID 44196397",," ","Tue Jun 02 20:12:29 +0000 2009",127895771,177,22559,17739,,,Disabled,Verified,,"Not protected",https://pbs.twimg.com/profile_images/1590968738358079488/IY9Gx6Ok_normal.jpg
